dataset	nway	kshot	kquery	n_problems	classifier_type	hidden_size	num_epochs	acc	acc_ci95	recall	recall_ci95	train_time	train_time_ci95	test_time	test_time_ci95
pdbbind	2	1	20	50	HD	8192	0	84.35	2.599531973259802	0.764	0.05707875373551878	4.61578369140625e-06	1.0595059759850135e-06	0.001781597137451172	0.0001869523070534063
pdbbind	2	1	20	50	HD-Sparse	8192	0	86.55	2.2852709073543123	0.843	0.044523504264601624	3.294944763183594e-06	1.7115703032321306e-07	0.0014040470123291016	5.543936006689463e-05
